<?xml version="1.0" encoding="UTF-8"?>
<jcr:root xmlns:sling="http://sling.apache.org/jcr/sling/1.0" xmlns:granite="http://www.adobe.com/jcr/granite/1.0"
		  xmlns:jcr="http://www.jcp.org/jcr/1.0" xmlns:nt="http://www.jcp.org/jcr/nt/1.0"
		  jcr:primaryType="nt:unstructured"
		  jcr:title="RSS Component"
		  sling:resourceType="cq/gui/components/authoring/dialog">
	<content
			jcr:primaryType="nt:unstructured"
			sling:resourceType="granite/ui/components/coral/foundation/container">
		<items jcr:primaryType="nt:unstructured">
			<tabs
					jcr:primaryType="nt:unstructured"
					sling:resourceType="granite/ui/components/coral/foundation/tabs"
					maximized="{Boolean}true">
				<items jcr:primaryType="nt:unstructured">
					<properties
							jcr:primaryType="nt:unstructured"
							jcr:title="RSS configuration"
							sling:resourceType="granite/ui/components/coral/foundation/container"
							margin="{Boolean}true">
						<items jcr:primaryType="nt:unstructured">
							<columns
									jcr:primaryType="nt:unstructured"
									sling:resourceType="granite/ui/components/coral/foundation/fixedcolumns"
									margin="{Boolean}true">
								<items jcr:primaryType="nt:unstructured">
									<column
											granite:class="cq-RichText-FixedColumn-column"
											jcr:primaryType="nt:unstructured"
											sling:resourceType="granite/ui/components/coral/foundation/container">
										<items jcr:primaryType="nt:unstructured">
											<limit
													jcr:primaryType="nt:unstructured"
													sling:resourceType="granite/ui/components/coral/foundation/form/numberfield"
													defaultValue="{Long}5"
													min="{Long}1"
													name="./limit"
													/>
										</items>
									</column>
								</items>
							</columns>
						</items>
					</properties>
					<fallback
							jcr:primaryType="nt:unstructured"
							jcr:title="Fallback feeds"
							sling:resourceType="granite/ui/components/coral/foundation/container"
							margin="{Boolean}true">
						<items jcr:primaryType="nt:unstructured">
							<columns
									jcr:primaryType="nt:unstructured"
									sling:resourceType="granite/ui/components/coral/foundation/fixedcolumns"
									margin="{Boolean}true">
								<items jcr:primaryType="nt:unstructured">
									<column
											granite:class="cq-RichText-FixedColumn-column"
											jcr:primaryType="nt:unstructured"
											sling:resourceType="granite/ui/components/coral/foundation/container">
										<items jcr:primaryType="nt:unstructured">
											<feeds
													jcr:primaryType="nt:unstructured"
													sling:resourceType="granite/ui/components/coral/foundation/form/multifield"
													composite="{Boolean}true"
													fieldLabel="Carousel elements">
												<field
														jcr:primaryType="nt:unstructured"
														sling:resourceType="granite/ui/components/coral/foundation/container"
														name="./fallbackFeeds">
													<items jcr:primaryType="nt:unstructured">
														<column
																jcr:primaryType="nt:unstructured"
																sling:resourceType="granite/ui/components/coral/foundation/container">
															<items
																	jcr:primaryType="nt:unstructured">
																<title
																		jcr:primaryType="nt:unstructured"
																		sling:resourceType="granite/ui/components/coral/foundation/form/textfield"
																		fieldDescription="Title"
																		fieldLabel="Title"
																		name="./title"
																/>
																<description
																		jcr:primaryType="nt:unstructured"
																		sling:resourceType="granite/ui/components/coral/foundation/form/textfield"
																		fieldDescription="Description"
																		fieldLabel="description"
																		name="./description"
																/>
																<publishdate
																		jcr:primaryType="nt:unstructured"
																		sling:resourceType="granite/ui/components/coral/foundation/form/datepicker"
																		fieldLabel="Publish date"
																		name="./publishDate"
																/>
															</items>
														</column>
													</items>
												</field>
											</feeds>
										</items>
									</column>
								</items>
							</columns>
						</items>
					</fallback>
				</items>
			</tabs>
		</items>
	</content>
</jcr:root>