<?xml version="1.0" encoding="UTF-8"?>
<jcr:root xmlns:sling="http://sling.apache.org/jcr/sling/1.0"
          xmlns:granite="http://www.adobe.com/jcr/granite/1.0"
          xmlns:cq="http://www.day.com/jcr/cq/1.0" xmlns:jcr="http://www.jcp.org/jcr/1.0"
          xmlns:nt="http://www.jcp.org/jcr/nt/1.0"
          jcr:primaryType="nt:unstructured"
          jcr:title="Image listing"
          sling:resourceType="granite/ui/components/coral/foundation/fixedcolumns">
    <items jcr:primaryType="nt:unstructured">
        <column
                jcr:primaryType="nt:unstructured"
                sling:resourceType="granite/ui/components/coral/foundation/container">
            <items jcr:primaryType="nt:unstructured">
                <metadataGroup
                        jcr:primaryType="nt:unstructured"
                        sling:resourceType="granite/ui/components/coral/foundation/well">
                    <items jcr:primaryType="nt:unstructured">
                        <image
                                jcr:primaryType="nt:unstructured"
                                sling:resourceType="/libs/granite/ui/components/coral/foundation/form/pathfield"
                                cq:showOnCreate="{Boolean}true"
                                rootPath="/content/dam"
                                fieldLabel="Image"
                                name="./image/fileReference"/>
                        <mobileImage
                                jcr:primaryType="nt:unstructured"
                                sling:resourceType="/libs/granite/ui/components/coral/foundation/form/pathfield"
                                cq:showOnCreate="{Boolean}true"
                                rootPath="/content/dam"
                                fieldLabel="Mobile image"
                                name="./image/mobileFileReference"/>
                    </items>
                </metadataGroup>
            </items>
        </column>
    </items>
</jcr:root>
